Chapter,Cases,Owner won,Owner lost,Mixed,Owner win %,Flexible standard %,Property rule %,Court made new law %,Dissent %,Median year
1. What is Property?,11,7,3,1,64,45,73,36,18,1936
2. Acquisition and Claim Scope,13,6,7,0,46,46,77,23,15,1918
3. Values Subject to Ownership,10,6,3,1,60,60,50,60,20,1930
4. Owner Sovereignty and Its Limits,13,5,8,0,38,62,46,15,46,1975
5. The Forms of Ownership,7,3,2,2,43,43,71,14,14,1984
6. Entity Property,11,4,6,1,36,45,73,36,9,1984
7. Security Interests,2,0,1,1,0,100,0,50,50,1979
8. Title Records and the Transfer of Property,3,1,2,0,33,33,67,0,0,1992
9. The Law of Neighbors,11,4,7,0,36,45,73,55,45,1959
10. Government Forbearance and Takings,7,2,5,0,29,43,29,29,71,1978
Other,3,2,0,1,67,67,33,0,33,1993
