Value,Cases,Owner win %,Owner won,Owner lost,Mixed,Chapters,Most common unit,Median year,Cases (by year)
Fairness equity,52,40,21,25,6,11,"Communities & Customs, Public Rights, Water",1969,Evans v. Merriweather; Haslem v. Lockwood; Wetherbee v. Green; Campbell v. Seaman; Edwards v. Allouez Mining Co.; Ghen v. Rich; Coffin v. Left Hand Ditch Co.; Ploof v. Putnam; Pardee v. Camden Lumber Co.; International News Service v. Associated Press; Pennsylvania Coal Co. v. Mahon; Sanborn v. McLean; Edwards v. Sims; Baker v. Howard County Hunt; Neponsit Property Owners' Association v. Emigrant Industrial Savings Bank; Medico-Dental Building Co. v. Horton & Converse; United States v. Miller; Strain v. Green; Olwell v. Nye & Nissen Co.; Shelley v. Kraemer; Jaber v. Miller; Golden Press Inc. v. Rylands; Hauck v. Crawford; Harbison v. City of Buffalo; Producers Lumber & Supply Co. v. Olney Building Co.; Jost v. Dairyland Power Cooperative; State ex rel. Thornton v. Hay; Howard v. Kunto; Javins v. First National Realty Corp.; Higday v. Nickolaus; Spur Industries Inc. v. Del E. Webb Development Co.; Skendzel v. Marshall; Eyerman v. Mercantile Trust Co.; Southern Burlington County NAACP v. Township of Mount Laurel; Holbrook v. Taylor; Blackett v. Olanoff; In re Estate of Rothko; Berg v. Wiley; Penn Central Transportation Co. v. New York City; Delfino v. Vealencis; Allen v. Hyatt Regency-Nashville Hotel; Gillmor v. Gillmor; Murphy v. Financial Development Corp.; Hendricks v. Stalnaker; Postema v. Postema; Lucas v. South Carolina Coastal Council; Kotis v. Nowlin Jewelry Inc.; Williams v. Estate of Williams; Gotlieb v. Taco Bell Corp.; Jacque v. Steenberg Homes; Wood v. Donohue; eBay Inc. v. MercExchange L.L.C.
Precedent formalism,42,52,22,16,4,11,"Equity, Abandonment & Destruction",1977,Fisher v. Steward; Pierson v. Post; Johnson v. M'Intosh; Clark v. Maloney; Anderson v. Gouldberg; Illinois Central Railroad Co. v. Illinois; Nebraska v. Iowa; Goddard v. Winchell; Pile v. Pedrick; Cowen v. Pressprich; Pennsylvania Coal Co. v. Mahon; Village of Euclid v. Ambler Realty Co.; Brokaw v. Fairchild; Edwards v. Sims; Hinman v. Pacific Air Transport; Medico-Dental Building Co. v. Horton & Converse; Olwell v. Nye & Nissen Co.; Fontainebleau Hotel Corp. v. Forty-Five Twenty-Five Inc.; Mountain Brow Lodge No. 82 v. Toscano; Skendzel v. Marshall; In re Estate of Rothko; Penn Central Transportation Co. v. New York City; Delfino v. Vealencis; Harms v. Sprague; Warsaw v. Chicago Metallic Ceilings Inc.; Mullendore Theatres Inc. v. Growth Realty Investors Co.; Allen v. Hyatt Regency-Nashville Hotel; Lucas v. South Carolina Coastal Council; Hecht v. Superior Court; Williams v. Estate of Williams; Gotlieb v. Taco Bell Corp.; Pocono Springs Civic Association v. MacKenzie; Wood v. Donohue; Adams v. Cleveland-Cliffs Iron Co.; Schwab v. Timmons; Intel Corp. v. Hamidi; Kelo v. City of New London; eBay Inc. v. MercExchange L.L.C.; Kiekel v. Four Colonies Homes Association; Stop the Beach Renourishment Inc. v. Florida Department of Environmental Protection; Flynn v. Holder; Fair Housing Council of San Fernando Valley v. Roommate.com LLC
Settled expectations,38,39,15,18,5,10,Adverse Possession,1974,Johnson v. M'Intosh; Campbell v. Seaman; Anderson v. Gouldberg; Goddard v. Winchell; Nebraska v. Iowa; Cowen v. Pressprich; Sanborn v. McLean; Brokaw v. Fairchild; Neponsit Property Owners' Association v. Emigrant Industrial Savings Bank; Medico-Dental Building Co. v. Horton & Converse; Strain v. Green; Hauck v. Crawford; Producers Lumber & Supply Co. v. Olney Building Co.; Mountain Brow Lodge No. 82 v. Toscano; State ex rel. Thornton v. Hay; Jost v. Dairyland Power Cooperative; Howard v. Kunto; Higday v. Nickolaus; Spur Industries Inc. v. Del E. Webb Development Co.; Holbrook v. Taylor; Blackett v. Olanoff; Delfino v. Vealencis; Carpenter v. Ruperto; Williams v. Ford Motor Credit Co.; Allen v. Hyatt Regency-Nashville Hotel; Gillmor v. Gillmor; Warsaw v. Chicago Metallic Ceilings Inc.; Murphy v. Financial Development Corp.; Postema v. Postema; Gotlieb v. Taco Bell Corp.; Nahrstedt v. Lakeside Village Condominium Association; ProCD Inc. v. Zeidenberg; United States v. Corrow; Schwab v. Timmons; Wood v. Donohue; Songbyrd Inc. v. Estate of Grossman; 40 West 67th Street v. Pullman; Scott v. Anderson-Tully Co.
Utilitarian efficiency,38,26,10,27,1,8,"Communities & Customs, Public Rights, Water",1954,Pierson v. Post; Johnson v. M'Intosh; Charles River Bridge v. Warren Bridge; Evans v. Merriweather; Wetherbee v. Green; Haslem v. Lockwood; Edwards v. Allouez Mining Co.; Ghen v. Rich; Coffin v. Left Hand Ditch Co.; Ploof v. Putnam; Pardee v. Camden Lumber Co.; International News Service v. Associated Press; Village of Euclid v. Ambler Realty Co.; Edwards v. Sims; Hinman v. Pacific Air Transport; Neponsit Property Owners' Association v. Emigrant Industrial Savings Bank; United States v. Miller; Jaber v. Miller; Golden Press Inc. v. Rylands; Harbison v. City of Buffalo; Javins v. First National Realty Corp.; Howard v. Kunto; Higday v. Nickolaus; Spur Industries Inc. v. Del E. Webb Development Co.; Skendzel v. Marshall; Southern Burlington County NAACP v. Township of Mount Laurel; Eyerman v. Mercantile Trust Co.; Blackett v. Olanoff; Penn Central Transportation Co. v. New York City; Warsaw v. Chicago Metallic Ceilings Inc.; Hendricks v. Stalnaker; Moore v. Regents of the University of California; Levandusky v. One Fifth Avenue Apartment Corp.; Nahrstedt v. Lakeside Village Condominium Association; ProCD Inc. v. Zeidenberg; Jacque v. Steenberg Homes; Kelo v. City of New London; Scott v. Anderson-Tully Co.
Administrability clear rules,36,39,14,20,2,10,"Criminal Law, Self-Help & Common Law Defenses",1982,Fisher v. Steward; Pierson v. Post; Charles River Bridge v. Warren Bridge; Evans v. Merriweather; Edwards v. Allouez Mining Co.; Anderson v. Gouldberg; Nebraska v. Iowa; Cowen v. Pressprich; Sanborn v. McLean; Hinman v. Pacific Air Transport; Baker v. Howard County Hunt; United States v. Miller; Strain v. Green; Harbison v. City of Buffalo; Fontainebleau Hotel Corp. v. Forty-Five Twenty-Five Inc.; Producers Lumber & Supply Co. v. Olney Building Co.; Berg v. Wiley; Carpenter v. Ruperto; Williams v. Ford Motor Credit Co.; Harms v. Sprague; Mullendore Theatres Inc. v. Growth Realty Investors Co.; Levandusky v. One Fifth Avenue Apartment Corp.; Moore v. Regents of the University of California; Kotis v. Nowlin Jewelry Inc.; Nahrstedt v. Lakeside Village Condominium Association; Pocono Springs Civic Association v. MacKenzie; Adams v. Cleveland-Cliffs Iron Co.; Schwab v. Timmons; Songbyrd Inc. v. Estate of Grossman; Intel Corp. v. Hamidi; 40 West 67th Street v. Pullman; eBay Inc. v. MercExchange L.L.C.; Kiekel v. Four Colonies Homes Association; Stop the Beach Renourishment Inc. v. Florida Department of Environmental Protection; Flynn v. Holder; Scott v. Anderson-Tully Co.
Owner autonomy,27,70,19,7,1,9,"Entity Forms: Condos, Coops, Corps, Partnerships & Trusts",1977,Fisher v. Steward; Campbell v. Seaman; Illinois Central Railroad Co. v. Illinois; Pile v. Pedrick; Pardee v. Camden Lumber Co.; Pennsylvania Coal Co. v. Mahon; Brokaw v. Fairchild; Baker v. Howard County Hunt; Olwell v. Nye & Nissen Co.; Jaber v. Miller; Fontainebleau Hotel Corp. v. Forty-Five Twenty-Five Inc.; Mountain Brow Lodge No. 82 v. Toscano; Jost v. Dairyland Power Cooperative; In re Estate of Rothko; Williams v. Ford Motor Credit Co.; Carpenter v. Ruperto; Gillmor v. Gillmor; Levandusky v. One Fifth Avenue Apartment Corp.; Moore v. Regents of the University of California; Lucas v. South Carolina Coastal Council; Hecht v. Superior Court; Jacque v. Steenberg Homes; Adams v. Cleveland-Cliffs Iron Co.; 40 West 67th Street v. Pullman; Kelo v. City of New London; Kiekel v. Four Colonies Homes Association; Fair Housing Council of San Fernando Valley v. Roommate.com LLC
Public trust democratic,9,33,3,6,0,5,"Communities & Customs, Public Rights, Water",1970,Charles River Bridge v. Warren Bridge; Illinois Central Railroad Co. v. Illinois; Village of Euclid v. Ambler Realty Co.; Shelley v. Kraemer; Javins v. First National Realty Corp.; Eyerman v. Mercantile Trust Co.; Southern Burlington County NAACP v. Township of Mount Laurel; Berg v. Wiley; United States v. Corrow
Custom community,4,50,2,2,0,1,"Communities & Customs, Public Rights, Water",1925,Ghen v. Rich; Coffin v. Left Hand Ditch Co.; State ex rel. Thornton v. Hay; United States v. Corrow
Labor,4,25,1,3,0,2,Accession,1894,Haslem v. Lockwood; Wetherbee v. Green; International News Service v. Associated Press; Postema v. Postema
First possession,1,100,1,0,0,1,Prior Possession & Finders,1840,Clark v. Maloney
Personhood,1,100,1,0,0,1,Covenants,2012,Fair Housing Council of San Fernando Valley v. Roommate.com LLC
