Chapter,Class unit,Cases,Owner won,Owner lost,Mixed,Owner win %,Flexible standard %,Property rule %,Court made new law %,Dissent %,Median year
1. What is Property?,Trespass & Introductory Concepts,2,1,1,0,50,50,50,100,50,1966
1. What is Property?,Nuisance,5,3,1,1,60,60,60,20,0,1972
1. What is Property?,Privilege & First Possession,4,3,1,0,75,25,100,25,25,1901
2. Acquisition and Claim Scope,Discovery & Creation,2,2,0,0,100,50,100,50,50,1870
2. Acquisition and Claim Scope,Prior Possession & Finders,3,1,2,0,33,33,100,33,0,1871
2. Acquisition and Claim Scope,Accession,4,2,2,0,50,50,50,0,25,1910
2. Acquisition and Claim Scope,Adverse Possession,4,1,3,0,25,50,75,25,0,1991
3. Values Subject to Ownership,Persons & Commodities,3,1,1,1,33,33,33,33,33,1993
3. Values Subject to Ownership,"Communities & Customs, Public Rights, Water",8,6,2,0,75,75,62,62,12,1887
4. Owner Sovereignty and Its Limits,"Criminal Law, Self-Help & Common Law Defenses",5,1,4,0,20,40,20,20,60,1978
4. Owner Sovereignty and Its Limits,"Equity, Abandonment & Destruction",7,2,4,1,29,71,43,14,29,1951
4. Owner Sovereignty and Its Limits,Licenses & Bailments,3,3,0,0,100,67,67,0,67,1984
5. The Forms of Ownership,Traditional Forms of Property,1,1,0,0,100,100,100,0,0,1993
5. The Forms of Ownership,Waste & Restraints on Alienation,2,1,1,0,50,0,100,0,50,1948
5. The Forms of Ownership,Concurrent Owners,4,1,1,2,25,50,50,25,0,1984
6. Entity Property,"Leases, Traditional Rules",2,0,1,1,0,50,0,50,0,1985
6. Entity Property,"Leases, Reforms & Transfers",4,2,2,0,50,75,75,50,0,1960
6. Entity Property,"Entity Forms: Condos, Coops, Corps, Partnerships & Trusts",5,2,3,0,40,20,100,20,20,1994
7. Security Interests,Liens & Mortgages,2,0,1,1,0,100,0,50,50,1979
8. Title Records and the Transfer of Property,"Title & Transfer: Land Transactions, Good Faith Purchasers & Recording",3,1,2,0,33,33,67,0,0,1992
9. The Law of Neighbors,Easements,4,2,2,0,50,25,100,0,50,1980
9. The Law of Neighbors,Covenants,4,2,2,0,50,25,75,75,25,1943
9. The Law of Neighbors,Conservation Easements & Zoning,3,0,3,0,0,100,33,100,67,1958
10. Government Forbearance and Takings,Contract Clause & Government Forbearance,1,0,1,0,0,0,0,0,100,1837
10. Government Forbearance and Takings,Takings: Eminent Domain & Just Compensation,2,0,2,0,0,50,0,0,50,1974
10. Government Forbearance and Takings,Takings: Regulatory & Judicial,4,2,2,0,50,50,50,50,75,1985
