Value,1. What is Property?,2. Acquisition and Claim Scope,3. Values Subject to Ownership,4. Owner Sovereignty and Its Limits,5. The Forms of Ownership,6. Entity Property,7. Security Interests,8. Title Records and the Transfer of Property,9. The Law of Neighbors,10. Government Forbearance and Takings,Other
Productive use,10,6,5,5,3,5,0,0,7,4,1
Public rights,2,3,4,6,1,4,0,0,5,7,2
Equity hardship,2,2,0,4,1,2,2,0,3,0,1
Reliance or repose,0,4,2,1,1,1,1,3,3,0,1
Freedom of contract,2,0,2,5,1,5,1,0,0,0,0
Third party protection,0,0,1,0,0,2,0,2,2,1,1
Labor or investment,1,2,4,0,1,0,0,0,0,0,0
Custom,2,0,4,0,0,0,0,0,0,0,0
State sovereignty,0,2,0,0,0,0,0,0,0,2,0
Personhood dignity,0,0,1,0,1,0,0,0,1,0,0
Necessity,0,0,0,1,0,0,0,0,0,0,0
